{"vertices":[-1.414214,-1,-1.414214,0,1,0,1.414214,-1,-1.414213,1.414214,-1,-1.414213,0,1,0,1.414213,-1,1.414214,1.414214,-1,-1.414213,-1.414214,-1,1.414214,-1.414214,-1,-1.414214,1.414213,-1,1.414214,0,1,0,-1.414214,-1,1.414214,-1.414214,-1,1.414214,0,1,0,-1.414214,-1,-1.414214,1.414214,-1,-1.414213,1.414213,-1,1.414214,-1.414214,-1,1.414214],"texcoords":[0.25,0.49,0.25,0.25,0.49,0.25,0.49,0.25,0.25,0.25,0.25,0.01,0.99,0.25,0.51,0.25,0.75,0.49,0.25,0.01,0.25,0.25,0.01,0.25,0.01,0.25,0.25,0.25,0.25,0.49,0.99,0.25,0.75,0.01,0.51,0.25],"normals":[0,0.5774,-0.8165,0,0.5774,-0.8165,0,0.5774,-0.8165,0.8165,0.5774,0,0.8165,0.5774,0,0.8165,0.5774,0,0,-1,0,0,-1,0,0,-1,0,0,0.5774,0.8165,0,0.5774,0.8165,0,0.5774,0.8165,-0.8165,0.5774,0,-0.8165,0.5774,0,-0.8165,0.5774,0,0,-1,0,0,-1,0,0,-1,0],"indices":[]}
