{"vertices":[-0.159099,-0.15,-0.159099,0,0.15,0,0.159099,-0.15,-0.159099,0.159099,-0.15,-0.159099,0,0.15,0,0.159099,-0.15,0.159099,0.159099,-0.15,-0.159099,-0.159099,-0.15,0.159099,-0.159099,-0.15,-0.159099,0.159099,-0.15,0.159099,0,0.15,0,-0.159099,-0.15,0.159099,-0.159099,-0.15,0.159099,0,0.15,0,-0.159099,-0.15,-0.159099,0.159099,-0.15,-0.159099,0.159099,-0.15,0.159099,-0.159099,-0.15,0.159099],"texcoords":[0.25,0.49,0.25,0.25,0.49,0.25,0.49,0.25,0.25,0.25,0.25,0.01,0.99,0.25,0.51,0.25,0.75,0.49,0.25,0.01,0.25,0.25,0.01,0.25,0.01,0.25,0.25,0.25,0.25,0.49,0.99,0.25,0.75,0.01,0.51,0.25],"normals":[0,0.4685,-0.8835,0,0.4685,-0.8835,0,0.4685,-0.8835,0.8835,0.4685,0,0.8835,0.4685,0,0.8835,0.4685,0,0,-1,0,0,-1,0,0,-1,0,0,0.4685,0.8835,0,0.4685,0.8835,0,0.4685,0.8835,-0.8835,0.4685,0,-0.8835,0.4685,0,-0.8835,0.4685,0,0,-1,0,0,-1,0,0,-1,0],"indices":[]}
